01913472023966969006,羽生结弦官宣结婚！妻子身份曝光疑是他高中同学,xiaodutv 没有简介,1.2万热力值,xiaodutv 没有频道
05647894352904460140,老梁妻子身份曝光！原来是央视著名主持人，结婚20年还是丁克,xiaodutv 没有简介,8166热力值,xiaodutv 没有频道
4474262132727135423,著名主持人孟非妻子曝光，是彼此熟悉的她，结婚26年零绯闻！,xiaodutv 没有简介,8483热力值,xiaodutv 没有频道
01788121390023820047,papi酱这辈子做梦都想说的话,xiaodutv 没有简介,85.0万热力值,xiaodutv 没有频道
06319272425809636111,这家伙可把我坑惨了，他上的大学把我整蒙了,xiaodutv 没有简介,2.4万热力值,xiaodutv 没有频道
485332083435397018,奥运会下最佳射手,xiaodutv 没有简介,43.4万热力值,xiaodutv 没有频道
0175533126662579170,全民为奥运加油,xiaodutv 没有简介,34.7万热力值,xiaodutv 没有频道
05742620249840630164,致命遇险一百种自救三十七,xiaodutv 没有简介,7.6万热力值,xiaodutv 没有频道
8899328622737480156,惊艳岁月的婆婆辈美人，朱琳早年美过热巴，刘雪华61岁仍是一枝花,xiaodutv 没有简介,1.2万热力值,xiaodutv 没有频道
8343090255389640201,61岁刘雪华现身拍戏，脸部凹陷褶皱超多显老态，妆前妆后对比明显,xiaodutv 没有简介,9371热力值,xiaodutv 没有频道
6863730444095207280,中国出手就是“王炸”，中东又有2国握手言和，美国根本拦不住,haokan 没有简介,3.7万次播放,haokan 没有频道
8709311006420030345,一个视频，看懂中东地区的百年恩怨情仇，他们很难有长久的和平,haokan 没有简介,1.6万次播放,haokan 没有频道
1935512837638474911,中东要大乱？伊朗态度大变，要单挑以色列，内塔尼亚胡怕啥来啥,haokan 没有简介,5.2万次播放,haokan 没有频道
9869246515329804834,自古以来，中东的纷乱争斗为何无休无止？他们的目的到底是什么？,haokan 没有简介,3.9万次播放,haokan 没有频道
4642008814234193773,遭受美国制裁几十年，保守的伊朗如何逆袭成中东最强棋手？,haokan 没有简介,4825次播放,haokan 没有频道
13248259158317300894,中东再次混乱后，美国陷入进退两难，西方称中国会成为受益者,haokan 没有简介,4196次播放,haokan 没有频道
17312167252436363510,中东在哪里呢？都有哪些国家和地区？两洋三洲五海之地。,haokan 没有简介,7.1万次播放,haokan 没有频道
5053642048949739139,中东战场拉开帷幕，伊朗高超音速导弹发射：战场出现三大可怕场面,haokan 没有简介,8万次播放,haokan 没有频道
4953181234171203553,美国增兵中东，伊朗警告别插手，阿拉伯国家：不许美军过境袭伊,haokan 没有简介,2.8万次播放,haokan 没有频道
6100569560063872553,中东局势越发紧张，中国会卷入战争吗？外交部回答“一语抵千金”,haokan 没有简介,2万次播放,haokan 没有频道
